{"stats":{"minecraft:custom":{"minecraft:time_since_rest":21586,"minecraft:crouch_one_cm":28,"minecraft:sprint_one_cm":17810,"minecraft:play_time":21586,"minecraft:damage_taken":20,"minecraft:walk_one_cm":7287,"minecraft:sneak_time":19,"minecraft:mob_kills":4,"minecraft:jump":90,"minecraft:damage_dealt":400,"minecraft:leave_game":3,"minecraft:time_since_death":21586,"minecraft:total_world_time":21586,"minecraft:fall_one_cm":2819,"minecraft:fly_one_cm":52762},"minecraft:mined":{"minecraft:grass":23,"minecraft:grass_block":1,"minecraft:dirt":2,"minecraft:tall_grass":2},"minecraft:killed":{"minecraft:cow":4},"minecraft:used":{"minecraft:dirt":1},"minecraft:picked_up":{"minecraft:leather":6,"minecraft:wheat_seeds":2,"minecraft:beef":9,"minecraft:dirt":3}},"DataVersion":3465}